package org.dbsp.sqlCompiler.compiler.sql.functions;

import org.dbsp.sqlCompiler.compiler.sql.SqlIoTest;
import org.junit.Test;

public class FunctionsTest extends SqlIoTest {
    @Test
    public void testLeft() {
        this.q("""
                SELECT LEFT('string', 1);
                result
                ---------
                 s""");
        this.q("""
                SELECT LEFT('string', 0);
                result
                ---------
                \s""");
        this.q("""
                SELECT LEFT('string', 100);
                result
                ---------
                 string""");
        this.q("""
                SELECT LEFT('string', -2);
                result
                ---------
                \s""");
    }

    @Test
    public void issue1180() {
        this.runtimeFail("SELECT '1_000'::INT4", "ParseIntError", this.getEmptyIOPair());
    }

    @Test
    public void issue1192() {
        this.runtimeFail("select '-9223372036854775809'::int64", "ParseIntError", this.getEmptyIOPair());
        this.runtimeFail("select '9223372036854775808'::int64", "ParseIntError", this.getEmptyIOPair());
    }

    // this is an edge case for negative integer modulo
    // Rust's default modulo operator currently panics on
    // INT::MIN % -1 instead of just returning 0
    @Test
    public void issue1187modulo() {
        this.qs(
                """
                        SELECT (-128)::tinyint % (-1)::tinyint as x;
                        x
                        ---
                         0
                        (1 row)
                        
                        SELECT (-32768)::int2 % (-1)::int2 as x;
                        x
                        ---
                         0
                        (1 row)
                        
                        SELECT (-2147483648)::int4 % (-1)::int4 as x;
                        x
                        ---
                         0
                        (1 row)
                        
                        SELECT (-9223372036854775808)::int64 % (-1)::int64 as x;
                        x
                        ---
                         0
                        (1 row)
                        
                        SELECT (8)::tinyint % (3)::tinyint as x;
                        x
                        ---
                         2
                        (1 row)
                        
                        SELECT (8)::int2 % (3)::int2 as x;
                        x
                        ---
                         2
                        (1 row)
                        
                        SELECT (8)::int4 % (3)::int4 as x;
                        x
                        ---
                         2
                        (1 row)
                        
                        SELECT (8)::int64 % (3)::int64 as x;
                        x
                        ---
                         2
                        (1 row)
                        
                        SELECT (8)::tinyint % (-3)::tinyint as x;
                        x
                        ---
                         2
                        (1 row)
                        
                        SELECT (8)::int2 % (-3)::int2 as x;
                        x
                        ---
                         2
                        (1 row)
                        
                        SELECT (8)::int4 % (-3)::int4 as x;
                        x
                        ---
                         2
                        (1 row)
                        
                        SELECT (8)::int64 % (-3)::int64 as x;
                        x
                        ---
                         2
                        (1 row)
                        
                        SELECT (-8)::tinyint % (3)::tinyint as x;
                        x
                        ---
                         -2
                        (1 row)
                        
                        SELECT (-8)::int2 % (3)::int2 as x;
                        x
                        ---
                         -2
                        (1 row)
                        
                        SELECT (-8)::int4 % (3)::int4 as x;
                        x
                        ---
                         -2
                        (1 row)
                        
                        SELECT (-8)::int64 % (3)::int64 as x;
                        x
                        ---
                         -2
                        (1 row)
                        
                        SELECT (-8)::tinyint % (-3)::tinyint as x;
                        x
                        ---
                         -2
                        (1 row)
                        
                        SELECT (-8)::int2 % (-3)::int2 as x;
                        x
                        ---
                         -2
                        (1 row)
                        
                        SELECT (-8)::int4 % (-3)::int4 as x;
                        x
                        ---
                         -2
                        (1 row)
                        
                        SELECT (-8)::int64 % (-3)::int64 as x;
                        x
                        ---
                         -2
                        (1 row)
                        """
        );
    }

    @Test
    public void issue1209() {
        this.qf("SELECT '-32768'::int2 % 0::int2", "attempt to calculate the remainder with a divisor of zero");

        this.qf("SELECT '-32768'::int2 / 0::int2", "attempt to divide by zero", true);

        this.qf("SELECT '-32768'::int2 / 0::int2", "attempt to divide by zero", false);
    }

    @Test
    public void issue1187divisorZero() {
        this.runtimeFail("SELECT 8 % 0", "attempt to calculate the remainder with a divisor of zero", this.getEmptyIOPair());

        this.shouldWarn("SELECT 8 % 0", "Modulus by constant zero value as divisor.");
    }

    @Test
    public void testLeftNull() {
        this.q("""
                SELECT LEFT(NULL, 100);
                result
                ---------
                NULL""");
    }

    @Test
    public void testConcat() {
        this.q("""
                SELECT CONCAT('string', 1);
                result
                ---------
                 string1""");
        this.q("""
                SELECT CONCAT('string', 1, true);
                result
                ---------
                 string1TRUE""");
    }

    @Test
    public void testCoalesce() {
        this.q("""
                SELECT COALESCE(NULL, 5);
                result
                ------
                5""");
    }
}
